Rank,Industry,Sector,Relative Strength,Percentile,1M_RS_Percentile,3M_RS_Percentile,6M_RS_Percentile,Tickers
1,Semiconductor Equipment & Materials,Technology,193.06,99,99,95,88,"AEHR,TRT,ICHR,UCTT,ASYS,ATOM,FORM,ACMR,AMKR,COHU,LRCX,KLIC,VECO,INTT,ACLS,PLAB,AMAT,ONTO,KLAC,NVMI,CAMT,Q,ASML,ENTG,IPGP,AMBA,DQ,SMTK"
2,Semiconductors,Technology,187.64,99,95,86,86,"MXL,MU,INTC,MRAM,NVTS,TSEM,QUIK,SIMO,AIP,VSH,WOLF,AMD,ASX,GCTS,UMC,HIMX,MRVL,LASR,SITM,ALAB,POET,SMTC,AMBQ,STM,SKYT,MTSI,ON,IMOS,ARM,AOSL,IPWR,CRDO,GSIT,LSCC,GFS,MX,SYNA,POWI,DIOD,CEVA,RMBS,VLN,MPWR,TXN,ALGM,QCOM,ADI,TSM,NXPI,MCHP,INDI,ALMU,SLAB,NVEC,MCHPP,WKEY,CRUS,AVGO,QRVO,NVDA,SWKS,LEDS,PRSO,PI,PXLW,LAES,SQNS,MOBX,NA,ICG"
3,Aluminum,Basic Materials,176.71,98,99,96,90,"CENX,KALU,CSTM,AA"
4,Communication Equipment,Technology,170.02,97,97,94,92,"AAOI,LITE,CIEN,VSAT,VIAV,ONDS,WATT,OCC,SILC,NOK,ASTS,TSAT,ADTN,FEIM,VISN,HPE,FIEE,LTRX,HLIT,CMTL,AMPG,GILT,CSCO,DGII,EXTR,AIRG,CLFD,ERIC,BKTI,CRNT,AUDC,INSG,UI,BOSC,UTSI,NTGR,ZBRA,MSI,MITQ,SYNX,BDC,AVNW,FKWL,CLRO"
5,Financial Conglomerates,Financial Services,155.23,97,91,89,46,"RILYP,RILYL,RILY,IX,VOYA,HTH,FRHC,TREE"
6,Silver,Basic Materials,145.04,96,97,99,99,"NEWP,SVM,AG,AYA,EXK"
7,Electronic Components,Technology,143.58,95,92,90,88,"OPTX,VICR,TTMI,LPTH,CPSH,KOPN,FLEX,WBX,OUST,GLW,BELFA,SANM,BELFB,BHE,FN,LFUS,PLXS,JBL,ROG,CLS,KN,RELL,MPTI,ALNT,MEI,CTS,RAL,LINK,KULR,LYTS,APH,DAIO,WETH,DSWL,DAKT,TEL,ELTK,OSIS,OST,OLED,MTEK,IMTE,HOLO,GAUZ,REFR,NEON,SELX,MSAI"
8,Oil & Gas Drilling,Energy,141.03,95,98,93,71,"NBR,PTEN,HP,BORR,VAL,RIG,NE,PDS,SDRL,SOC"
9,Computer Hardware,Technology,133.04,94,68,69,79,"WDC,STX,VELO,OSS,QTEX,DELL,UMAC,DDD,ALOT,DPRO,IONQ,QBTS,CRSR,RGTI,P,ANET,QMCO,HPQ,LOGI,MCRP,TACT,KTCC,SMCI,QUBT,SSYS,NNDM,UAVS,BGIN,CRCT,SCKT,YIBO,QCLS,EBON,BTCT,CAN,AGMH,AMCI"
10,Copper,Basic Materials,127.0,93,95,97,96,"HBM,TGB,SCCO,ERO,FCX,IE"
11,Electrical Equipment & Parts,Industrials,125.08,93,76,81,90,"BE,TE,FCEL,BLDP,POWL,PLUG,RFIL,AMPX,ELVA,VRT,ENS,PLPC,PPSI,NVT,AEIS,ESP,ATKR,TGEN,ULBI,EOSE,OESX,KE,HUBB,EAF,STI,POLA,ENVX,ADSE,AYI,HAYW,CBAT,ENR,APWC,EPOW,NEOV,LTBR,FLUX,SKYX,NVX,DFLI,SDST,XPON,GWH,CCTG,RAYA,ELPW,LNKS"
12,Other Industrial Metals & Mining,Basic Materials,121.86,92,93,97,98,"ALM,ELVR,LAR,CRML,NEXA,USAR,MTRN,UAMY,TMQ,USAS,NAK,SGML,SCZM,TII,MP,CMP,NVA,TECK,RIO,BHP,WRN,SKE,VALE,ALOY,NB,LAC,LZM,SLI,XPL,CHNR,GRO,IPX,FURY,USGO,TMC,GSM,IONR,VZLA,NMG,ATLX,OMEX,WWR,FNUC,LGO,ELBM,NEXM,FMST"
13,Oil & Gas Equipment & Services,Energy,121.51,91,96,92,72,"NESR,PUMP,EFXT,DWSN,FET,SEI,SND,LBRT,WTTR,AESI,KGS,STAK,HAL,FTI,WFRD,TS,ACDC,OII,FTK,SLB,KLXE,INVX,NGS,WHD,FLOC,NOV,AROC,RES,NPKI,HLX,TDW,BKR,NEXT,WBI,OIS,NCSM,USAC,XPRO,LB,RNGR,VTOL,DTI,CLB,NOA,LSE,GEOS,OMSE,RCON"
14,Trucking,Industrials,121.4,90,89,74,6,"ARCB,RXO,CVLG,HTLD,TFII,KNX,SAIA,TOPP,MRTN,WERN,SNDR,XPO,ODFL,PAMT,ULH,ETS"
15,Utilities - Independent Power Producers,Utilities,119.51,90,76,82,95,"DGXX,KEN,TAC,TLN,OKLO,VST,CEG,NRG"
16,Solar,Technology,117.25,89,72,84,89,"ASTI,TOYO,SEDG,TYGO,SHLS,ENPH,NXT,FSLR,CSIQ,ARRY,SPRU,RUN,JKS,TURB,SUNE,FTCI,BEEM,SPWR,SMXT,ZEO,PN"
17,Aerospace & Defense,Industrials,115.14,88,67,87,67,"PL,SIDU,SATL,LUNR,SIF,RKLB,RDW,MNTS,FLY,HOVR,PKE,ATRO,MOB,VOYG,DFSC,SWBI,CVU,DCO,ESLT,MRCY,FTAI,CW,VVX,AIR,CODA,WWD,SPCE,HWM,HXL,NPK,ISSC,RCAT,BWXT,POWW,RGR,DRS,GE,TXT,POWWP,GD,SPAI,FTAIM,BA,RTX,LHX,LMT,FTAIN,XTIA,HII,HEI,OPXS,KRMN,VSEC,TATT,SARO,EMBJ,AIRI,TDG,NOC,CAE,EVEX,KTOS,LOAR,CDRE,ACHR,VWAV,MRLN,AVAV,PEW,EH,BETA,AXON,AIRO,EVTL,GPUS,PRZO,BYRN,KITT,DFNS"
18,Scientific & Technical Instruments,Technology,111.63,88,51,54,35,"ASTC,VPG,COHR,MKSI,ELSE,KEYS,ITRN,CGNX,ST,SOTK,ESE,NOVTU,NOVT,AIMD,ODYS,GNSS,FTV,TDY,GRMN,LGL,MLAB,ARBE,WRAP,ACFN,MIND,SOBR,ITRI,VNT,TRMB,SVRE,BMI,USBC,MVIS,ARAI,FCUV"
19,Coking Coal,Basic Materials,110.81,87,48,90,93,"HCC,SXC,AMR,AREC,METC,METCB"
20,Other Precious Metals & Mining,Basic Materials,109.83,86,90,98,99,"GORO,HL,BVN,SLSR,MUX,LODE,MTA,VOXR,ASM,SBSW,PPTA,ELE,TFPM,ITRG,GRML,PLG"
21,Specialty Chemicals,Basic Materials,109.34,86,88,71,44,"LWLG,ALTO,SSL,ALB,CLMT,CC,SQM,PRM,ESI,SOLS,ECVT,AMTX,YMAT,ODC,KOP,LYB,CMT,KRO,CNEY,DD,MTX,NGVT,SXT,CBT,NEU,FSI,OEC,WLK,HWKN,EMN,LIN,KWR,LOOP,GEVO,SCL,FF,APD,IFF,IOSP,ASH,FUL,PPG,AVNT,NTIC,MNTK,BCPC,MATV,AXTA,RPM,ECL,WDFC,SHW,BON,HDSN,BGLC,SNES,FEAM"
22,Medical Care Facilities,Healthcare,108.64,85,65,59,74,"AGL,PIII,MCTA,CMPS,PACS,AIRS,ASTH,NHC,TOI,SRTA,PARK,AMN,GRDN,DVA,BKD,INNV,CCRN,SNDA,PNTG,LFST,MD,ACHC,SEM,CON,HCSG,CCM,AVAH,NUTX,CHE,JYNT,ENSG,EHC,FMS,THC,ARDT,HCA,ADUS,CCEL,USPH,CYH,UHS,SGRY,AUNA,BTMD,OPCH,AMS,BMGL,DCGO,WW,NIVF"
23,Healthcare Plans,Healthcare,107.77,84,58,20,32,"CNC,OSCR,CLOV,HUM,UNH,CVS,ELV,PGNY,MOH,CI,ALHC"
24,Gold,Basic Materials,107.41,83,94,99,97,"HYMC,AUGO,TRX,IAUX,MAKO,THM,CGAU,ARIS,SSRM,AAUC,SA,PAAS,IDR,IAG,AU,VGZ,OGC,B,NEM,CDE,PZG,KGC,DC,NG,WPM,EQX,DRD,CNL,GFI,AGI,EGO,FSM,AEM,FNV,OR,USAU,RGLD,BTG,HMY,GAU,GROY,NFGC,GLDG,CMCL,ORLA,ODV,CTGO,AUST,NAMM,BGL"
25,Oil & Gas Midstream,Energy,106.89,83,88,88,57,"TORO,NGL,PBT,INSW,TEN,LPG,BWLP,CMBT,PXS,NAT,FRO,TRGP,TRMD,IMPP,STNG,TK,SOBO,PAGP,PAA,KNOP,TNK,SUNC,NVGS,FLNG,VG,DHT,DTM,TRP,GLNG,PBA,WES,EPD,WMB,MARPS,ENB,KNTK,OKE,ET,EE,VNOM,KMI,AM,SMC,CQP,MPLX,SBR,HESM,IMPPP,DLNG,LNG,GLP,TMDE,GEL,BANL,MMLP,NFE,RBNE,TOPS"
26,Biotechnology,Healthcare,106.54,82,79,83,97,"ABVX,RLMD,QTTB,ERAS,CLYM,ANL,EDSA,PRAX,ANTX,NBTX,DMRA,CELC,SLS,TNGX,KOD,STTK,SLGL,RLYB,INBX,ANRO,CAPR,OVID,SYRE,IPSC,PRLD,ORKA,RLAY,ANAB,EQ,DNTH,ALMS,PLRZ,RVMD,ARWR,CNTX,MGNX,URGN,STRO,IMMX,LIXT,COGT,GLUE,GRDX,NKTR,DRTS,IRD,IFRX,IBRX,ZNTL,ARTV,LONA,GLSI,NRXS,ACRS,FBIOP,RAPP,WHWK,TVTX,DFTX,JBIO,NAUT,PVLA,SRZN,TYRA,KALV,CNTA,SPRO,ARMP,NRXP,LXRX,ABSI,ELVN,FATE,CYCN,ALXO,OMER,KZIA,ICCC,MPLT,KYTX,ZURA,NERV,SPRB,ROIV,CRVS,PALI,AVTX,CGEN,VOR,CDXS,AXSM,DRUG,CABA,ABCL,CCCC,HCWB,ADAG,RCUS,SEPN,ANNX,IMVT,ELDN,IOVA,DTIL,FTRE,EWTX,ASBP,SION,DSGN,CTNM,CGON,EDIT,CYTK,KRYS,IMUX,TRVI,CAMP,ALLR,ORMP,GHRS,TSHA,IMNM,OABI,JAZZ,OKUR,STOK,CGTX,SNSE,IMTX,KYMR,CUE,CADL,HYFT,BCAX,IBIO,PGEN,APGE,ABOS,MRNA,NKTX,PTGX,MBX,VIR,MRVI,BEAM,LGND,ALLO,XOMA,TENX,CNTB,PTHS,CGEM,LBRX,SLDB,CBIO,NNVC,MGTX,VTVT,QURE,BLTE,DBVT,SVRA,IMRX,ATRA,MIRM,IONS,RPRX,VYNE,NGNE,ZYME,PBYI,XENE,MNPR,CHRS,PYPD,CRBU,NRIX,KPTI,SGMT,TECX,OCS,CPRX,PRTA,MLYS,NAMS,NVAX,SRRK,QNTM,ENTA,FDMT,APLM,PTN,NVCT,HOTH,MDGL,KURA,AURA,CORT,AVBP,CLLS,AUPH,FBRX,KRRO,PHVS,OLMA,SABS,CLDX,ATAI,BOLD,PDSB,EVAX,ACHV,BBIO,SLN,AVIR,TGTX,UNCY,EPRX,ALEC,ZVRA,NTLA,KPRX,VERA,SNDX,GPCR,DARE,ACIU,PCVX,MAZE,HYPD,CTMX,DYN,FENC,NUVB,NUVL,XBIO,EXEL,PRME,ASND,PTCT,MRKR,LEGN,ELTX,HURA,DNLI,LSTA,TTRX,PHAT,LYEL,OSTX,TNYA,PROK,VNDA,EYPT,ONCY,ABUS,KLRS,NMRA,XFOR,TOVX,ARGX,TBPH,ASMB,LGVN,IVA,VRCA,ARDX,INCY,GUTS,IRON,BYSI,MTVA,XNCR,OCGN,AUTL,IDYA,VYGR,OBIO,CNTN,FBIO,TARA,CNSP,PLX,PYXS,ACRV,EVMN,XOMAO,CELZ,VKTX,LTRN,VANI,TCRT,ATHE,INVA,CRSP,IBO,RYTM,ABEO,BOLT,BLRX,NEUP,XOMAP,HALO,RNXT,RANI,LRMR,MSLE,GMAB,KTTA,LCTX,TLX,ARQT,ONC,IMRN,VRTX,CRNX,MESO,BMEA,GALT,LXEO,ADCT,ESLA,INKT,PMCB,BRNS,PMVP,COCP,SANA,DNA,TARS,SILO,AKTX,GNLX,HRMY,DMAC,CSBR,MOLN,TRAW,AGIO,BNTC,BRTX,ACET,XBIT,TLSA,PHAR,SEER,BHVN,EXOZ,ZBIO,IPHA,MTNB,IKT,IGC,MNKD,MNOV,RADX,REGN,ARVN,ADXN,XLO,AGEN,AEON,BIVI,BNTX,ICU,SMMT,RCKT,BMRN,TELO,VCEL,RIGL,OKYO,PLRX,CRMD,DYAI,CRBP,OCUL,ACAD,LKFT,KYNB,BDTX,ORIC,CING,TCRX,GERN,INSM,ANIX,PRQR,MLTX,XRTX,ATNM,IMCR,TECH,COYA,FHTX,INAB,FULC,ACOG,NRSN,RARE,PHIO,ABVC,IVVD,SRPT,ALNY,CMMB,APM,ARCT,CRDF,MAIA,SPRY,MGX,BBOT,MIST,RNAC,HUMA,ZLAB,GANX,OSRH,APRE,GDTC,CLRB,MDWD,CTXR,RNTX,BBLG,VERU,VRDN,INMB,GOVX,PMN,KAPA,RXRX,NBP,NCEL,JANX,ANVS,TRDA,UPB,ERNA,KROS,RZLT,AAPG,CBUS,ENLV,MCRB,OTLK,ALGS,ATOS,VALN,CALC,NXTC,PSTV,ACXP,RGNX,LEXX,BCYC,GLMD,SNTI,GYRE,PASG,IMA,HRTX,NCNA,EVGN,PBM,NTRB,SKYE,GRCE,XTLB,WVE,ALT,INO,ENTX,PCSA,AZTR,TNXP,FLNA,CAI,VIVS,TIL,VRAX,REPL,VBIO,SER,NTHI,CMPX,MDXG,HELP,BCDA,PEPG,NGEN,LITS,XCUR,DRMA,PLUR,VSTM,MBRX,DCOY,SNGX,HOWL,BCTX,RNAZ,AVXL,NAGE,BGMS,INTS,MBIO,GTBP,TVRD,VTGN,QNRX,OGEN,GNTA,ADIL,CELU,LPCN,IMNN,ENVB,MLEC,ALZN,TPST,CRVO,CURX,CVKD,JSPR,ADMA,CANF,INDP,MREO,MENS,DWTX,LNAI,CDIO,REVB,HIND,SPRC,ALDX,CLGN,CRIS,SCNI,ENSC,YDES,QNCX,AARD,LIMN,ACTU,LENZ,PPBT,ATYR,GRI,APVO,SXTP,PULM,TVGN,JUNS,CVM,BDRX,GOSS,ENGN,AIM,PHGE,GNPX,ARTL,BCAB,IMMP,PPCB,FBLG,SLXN,CLDI,ELAB,CMND,JAGX,KALA,CDT,ONCO,ADTX"
27,Conglomerates,Industrials,106.51,81,83,69,83,"MAMK,FBYD,TTI,NNBR,CODI,TUSK,VMI,SEB,STRR,DLX,BOOM,TRC,MATW,AIRTP,HON,CRESY,OTTR,STRRP,PAM,RCMT,AIRT,BBUC,MMM,BOC,FIP,HHS,LGPS,PLAG"
28,Chemicals,Basic Materials,106.32,81,86,75,21,"GPRE,REX,TROX,MEOH,RYAM,HUN,LXU,DOW,BAK,ASIX,OLN,WLKP,CE,ASPI,VHI,ACNT,GURE,ORGN"
29,Banks - Diversified,Financial Services,105.82,80,81,80,86,"CM,TD,HSBC,BNY,BMO,C,RY,UBS,ING,BNS,SAN,BBVA,SMFG,NTB,MUFG,BCS,BAC,JPM,WFC"
30,Engineering & Construction,Industrials,105.28,79,82,79,74,"VATE,STRL,MYRG,FIX,AGX,LGN,MAGH,PHOE,SKBL,MTZ,IESC,ECG,DY,PWR,AMRC,ESOA,ORN,EME,SHIM,SKK,CDLR,TPC,GVA,ACA,BBCP,PRIM,FER,APG,MTRX,FLR,BLD,WLDN,BLNK,BWMN,ROAD,J,MSW,TTEK,EXPO,FBGL,STN,KBR,ACM,SLND,MIMI,ONEG,RITR,MSGY,ZDAI,OFAL,FGL,MGN"
31,Real Estate - Diversified,Real Estate,104.58,79,93,91,82,"STRS,JOE"
32,Publishing,Communication Services,104.5,78,77,63,30,"LEE,TDAY,SCHL,WLY,WLYB,NYT,EDUC,PSO,TNMG"
33,REIT - Healthcare Facilities,Real Estate,103.77,77,80,78,78,"DHC,NHPBP,NHPAP,SILA,HR,CTRE,VTR,DOC,WELL,CHCT,STRW,OHI,AHR,XRN,SBRA,LTC,UHT,MPT,NHI"
34,Lodging,Consumer Cyclical,103.6,76,83,72,76,"INTG,CVEO,MAR,IHG,H,HLT,CHH,HTHT,WH,ATAT,GHG"
35,Oil & Gas Refining & Marketing,Energy,103.02,76,87,77,81,"PARR,DK,DINO,VLO,PBF,UGP,MPC,PSX,CVI,SUN,WKC,CAPL,DKL,IEP,SGU,CLNE,CSAN,DLXY"
36,Oil & Gas Integrated,Energy,102.42,75,90,75,55,"CVE,EC,YPF,EQNR,SU,E,PBR,IMO,TTE,BP,XOM,CVX,SHEL,DEC,TGS,NFG,SLNG,SKYQ,VIVK"
37,REIT - Hotel & Motel,Real Estate,102.36,74,63,40,16,"CLDT,PEB,HST,RLJ,DRH,APLE,XHR,INN,RHP,SHO,PK,IHT,BHR,SVC,AHT"
38,Electronics & Computer Distribution,Technology,101.54,74,46,34,11,"SNX,ARW,AVT,SCSC,CNXN,NSIT,CLMB,IZM"
39,Utilities - Renewable,Utilities,101.36,73,37,38,75,"ENLT,NRGV,FLNC,WAVE,ORA,BEP,ELLO,CWEN,XIFR,AXIA,BEPC,BESS,RNW,SAFX,HTOO,SUUN,STEM,VGAS,NXXT,AGIG,CREG,BNRG"
40,REIT - Industrial,Real Estate,100.87,72,69,57,36,"ILPT,NSA,MDV,PLD,COLD,LXP,EGP,IIPR,FR,LINE,TRNO,PSA,CUBE,EXR,STAG,REXR,SMA"
41,Luxury Goods,Consumer Cyclical,100.43,72,74,61,87,"ELA,MOV,TPR,REAL,SIG,CPRI,LANV,SORA,BGI,BRLT,LUXE"
42,Steel,Basic Materials,100.0,71,57,62,73,"NWPX,NUE,STLD,MT,TX,GGB,CLF,FRD,PKX,RS,WS,MTUS,ASTL,SIM,KBSX,MSB,SID,HUDI,ZKIN,LUD,HLP,INHD"
43,Auto Parts,Consumer Cyclical,99.95,70,62,60,72,"HYLN,CVGI,GTX,MKDW,MOD,BWA,DAN,SYPR,AUR,MGA,PHIN,QS,LEA,PLOW,VC,DCH,SRI,MLR,XPEL,ADNT,ALV,SMP,AAP,ALSN,CAAS,THRM,STRT,SLDP,GNTX,ATMU,DORM,MNRO,CPS,MPAA,ORLY,SES,FOXF,MBLY,WPRT,INEO,HSAI,HLLY,PRTS,LKQ,APTV,GPC,AZO,GT,INVZ,GTEC,REE,ECX,MVST,FRSX,WKSP"
44,Building Products & Equipment,Industrials,99.87,69,43,39,18,"JLHL,UUU,ASPN,AAON,CSTE,AIRJ,PPIH,APT,INVE,JCI,GFF,ILAG,SPXC,NX,TT,CARR,MAS,OC,ARLO,APOG,WMS,LII,TREX,CSL,AWI,LPX,LMB,SWIM,JELD,FBIN,ROCK,JBI,BLDR,AEHL"
45,Rental & Leasing Services,Industrials,99.49,69,69,49,20,"VSTS,CTOS,CAR,R,WLFC,URI,PRG,WSC,ALTG,AER,GATX,HRI,HTZ,MGRC,UHAL,AIHS,MWG"
46,Oil & Gas E&P,Energy,98.61,68,86,85,32,"WTI,BTE,OBE,GTE,APA,KOS,VIST,EONR,SM,TBN,TALO,NRT,CHRD,EGY,VET,MUR,PNRG,GPRK,OVV,PR,CNQ,REPX,WDS,FANG,CRGY,OXY,REI,CRT,CRC,DVN,COP,EOG,PVL,PED,MTDR,VOC,KRP,MGY,DMLP,MNR,KGEI,GFR,FTW,SD,EPSN,HPK,AMPY,TPL,TXO,RRC,BKV,EPM,MXC,BSM,AR,MVO,GRNT,EQT,CNX,BRN,CKX,INR,NOG,EXE,GPOR,INDO,BATL,USEG,VTS,MTR,ANNA,SJT,EP,CRK,TPET,PRT,PROP"
47,Uranium,Energy,98.41,67,84,95,93,"UUUU,DNN,NXE,CCJ,ISOU,UEC,URG,UROY,LEU,AEC,EU"
48,Telecom Services,Communication Services,98.33,67,73,74,62,"KORE,SATS,IRDM,ATEX,GSAT,LUMN,KVHI,TIGO,SIFY,CXDO,SKM,ATNI,PCLA,TEO,SHEN,LBTYB,AMX,VOD,AD,KYIV,RDCM,VZ,LILAK,LILA,RCI,TV,BCE,LBTYA,VIV,VEON,LBTYK,CHT,ELWT,TIMB,TDS,IDT,LBRDP,T,CCOI,TKC,TU,CMCSA,TMUS,KT,TLK,PHI,IOTR,GOGO,GLIBK,GLIBA,LBRDA,LBRDK,CHTR,UCL,FNGR,CABO,SURG,IQST,OPTU"
49,Apparel Manufacturing,Consumer Cyclical,97.75,66,75,70,69,"VNCE,FIGS,ZGN,XELB,JL,SGC,PVH,JXG,OXM,COLM,RL,LEVI,GIII,JRSH,VFC,KTB,GIL,UA,UAA,LAKE,GOOS,PLCE,PMNT,NCI"
50,Marine Shipping,Industrials,97.23,65,79,81,53,"EDRY,HSHP,USEA,SHIP,ECO,GLBS,MATX,ASC,HAFN,SBLK,NMM,SB,GASS,DSX,ZIM,EHLD,GNK,SFL,DAC,PANL,KEX,CMRE,CMDB,ESEA,GSL,SMHI,HMR,CCEC,CTRM,PSHG,SVRN,UFG,VNTG,ICON,HTCO,NCT,CISS,RUBI"
51,Tools & Accessories,Industrials,96.59,65,78,83,43,"TKR,RBC,KMT,TTC,LECO,SNA,SWK,EML,HLMN,CVR"
52,Banks - Regional,Financial Services,96.42,64,74,65,60,"CMTV,MSBI,PGC,FNRN,CARE,FSEA,VBNK,FGBI,BOTJ,AVAL,PKBK,BYFC,ATLO,TRST,CHMG,MBIN,OVBC,EGBN,HFBL,ALRS,FRST,CIB,PEBK,BAP,BCBP,RRBI,MFG,DCOM,AMAL,FRAF,VLY,NBN,FISI,FSBC,CZWI,BLX,BPOP,OBK,TMP,IFS,SRBK,UVSP,AROW,BWFG,CLBK,PDLB,NEWT,KFFB,WSBF,KRNY,FGBIP,CFG,WSFS,RBB,BSRR,MYFW,FCAP,AVBH,CFFN,EBMT,ASRV,TFIN,HAFC,NFBK,SHBI,WSBK,TSBK,SHG,CBC,OBT,FUSB,SMBC,THFF,CCNE,CATY,CAC,CNOB,FFBC,RBKB,TFSL,WBS,OPHC,EWBC,MCBS,CTBI,SFST,AFBI,GSBC,ISTR,MCB,SSBI,PFIS,BSAC,FXNC,HOPE,FCBC,FVCB,BCH,MBBC,HBCP,PLBC,CBK,CBNA,ACNB,AVBC,PCB,BOKF,WAFD,CUBI,KEY,LSBK,PFS,ABCB,NWBI,STEL,CPF,HWBK,LYG,SRCE,HTB,BMA,KB,FBP,ZION,BUSE,PEBO,FFIC,NKSH,OSBC,OVLY,NSTS,FBLA,UMBF,CIVB,COSO,BY,HBNC,RBCAA,EFSI,BBAR,QCRH,AMTB,WNEB,FIBK,FULT,FBNC,WABC,UBCP,SMBK,NWFL,PROV,CCBG,LC,CWBC,EBC,BKU,STBA,FITB,CPBI,FUNC,BHB,HBT,FMBH,PBFS,PNC,CBAN,FNLC,FCF,TCBK,UBSI,BVFL,BOH,BANC,GCBC,WTBA,FLG,USB,ISBA,MCHB,UNTY,TRMK,BPRN,CLST,ITUB,JMSB,VABK,COLB,FHB,CZFS,WTFC,SBSI,INBK,FCCO,TCBI,INDB,AUB,ESQ,FBIZ,OFG,RF,HFWA,BWB,MRBK,LOB,MBINL,FDSB,MNSB,NBHC,RNST,WASH,SBFG,BCAL,SFNC,MPB,MBWM,HWC,ASB,CFBK,EQBK,FMAO,MSBIP,BFC,CBU,ORRF,CBFV,NECB,FNB,BFST,WF,FHN,MVBF,NBTB,AUBN,GABC,BBT,BCML,MBINN,MTB,COFS,EFSC,NWG,BMRC,CNOBP,RVSB,LCNB,FDBC,ONB,MBINM,BBD,EFSCP,MBNKO,RMBI,PFBC,TFC,HNVR,GBCI,OPBK,IBOC,FMNB,FNWB,MNSBP,UMBFO,WSBC,CVBF,OCFC,CFFI,UCB,NEWTP,BANR,VLYPN,ECBK,BSVN,CCNEP,TCBS,WTFCN,CFR,NRIM,WSBCO,CBNK,GGAL,VLYPO,FITBI,NPB,BBDO,FRME,LARK,CZNC,USCB,ONBPO,IBCP,PRK,VLYPP,BWBBP,HBANL,FSBW,MGYR,FCNCA,SPFI,TCBIO,SYBT,OZKAP,CHCO,ONBPP,WAFDP,OZK,NBBK,SBCF,BHRB,AX,PNFP,FRMEP,TCBX,HIFS,NIC,FULTP,CASH,TOWN,BSBK,BUSEP,FBK,LKFN,FITBP,FRBA,SSB,PB,BRBS,HBANM,DB,HBANP,PBHC,SFBS,HBAN,FCNCP,FSUN,FFIN,FNWD,FCNCO,UNB,FITBO,BSBR,CBSH,WAL,ZIONP,HOMB,BANF,SFBC,TBBK,NU,SUPV,GBFH,IBN,FINW,CCB,INTR,BAFN,HDB,PNBK,SHFS"
53,Metal Fabrication,Industrials,96.29,63,72,79,41,"AP,ATI,MEC,CRS,PRLB,MLI,CMC,RYZ,WOR,TG,TPCS,TRSG,ESAB,IIIN,GPGI,HIHO,MTEN,OLOX"
54,REIT - Retail,Real Estate,95.98,62,69,65,33,"CBL,WHLRP,WSR,MAC,FRT,KRG,CURB,PINE,UE,SPG,BRX,PECO,IVT,GTY,ALX,KIM,AKR,NTST,BFS,REG,NNN,SKT,O,WHLRD,REGCO,REGCP,FCPT,ADC,EPRT,SITC,WHLR"
55,Footwear & Accessories,Consumer Cyclical,95.21,62,81,64,37,"DBI,FOSL,VRA,SHOO,CROX,WEYS,RCKY,DECK,BIRK,WWW,ONON,NKE,FWDI,FMFC"
56,Thermal Coal,Energy,95.17,61,65,86,85,"BTU,CNR,NC,HNRG,ARLP,NRP"
57,Diagnostics & Research,Healthcare,94.37,60,37,58,91,"QUCY,TWST,GH,MBAI,IMDX,BDSX,PRE,PSNL,ILMN,GRAL,PRPO,NDRA,BNR,XWEL,CDNA,VCYT,FONR,NEO,NTRA,DGX,OPK,WAT,RVTY,CRL,SHC,BLLN,ADPT,MEDP,LH,BIAF,IQV,A,TMO,ICLR,XGN,IDXX,CSTL,DHR,MTD,RDNT,QGEN,FLGT,MYGN,ADVB,NOTV,WGS,MDXH,ISPC"
58,Broadcasting,Communication Services,93.87,60,85,29,59,"BBGI,IHRT,SSP,MDIA,SBGI,NXST,NMAX,GTN,SGA,CURI,UONEK,XHLD,UONE,FUBO"
59,Apparel Retail,Consumer Cyclical,93.79,59,64,47,38,"TLYS,VSCO,DLTH,LVLU,ROST,GCO,ZUMZ,CTRN,CRI,BURL,CAL,AEO,TJX,URBN,CURV,BKE,CATO,ANF,DXLG,GAP,BIRD,SCVL,BOOT,LE,SFIX,AKA,JILL,BRIA,RENT,LULU,JEM,DBGI"
60,"Furnishings, Fixtures & Appliances",Consumer Cyclical,93.42,58,51,42,51,"XMAX,LCUT,EFOI,ATER,FLXS,COOK,FGI,HOFT,HBB,TILE,SN,ALH,LOVE,LEG,LZB,CRWS,BSET,KEQU,MHK,MLKN,MWYN,AMWD,ETD,MBC,SGI,VIRC,NTZ,HNI,WHR,VIOT,PRPL,NCL,SNBR"
61,Utilities - Regulated Gas,Utilities,93.13,58,71,67,69,"CTRI,MDU,NJR,BKH,NWN,SWX,NI,RGCO,SR,SPH,ATO,OGS,UGI,CPK,BIPC,OPAL"
62,REIT - Specialty,Real Estate,92.77,57,58,55,22,"UNIT,OUT,IRM,EQIX,LAMR,DLR,LANDP,LANDO,EPR,GLPI,SELF,WY,CCI,SBAC,AMT,RYN,LAND,FPI,PW,FRMI"
63,Food Distribution,Consumer Defensive,92.74,56,60,51,52,"WILC,UNFI,ANDE,CHEF,CVGW,DIT,PFGC,USFD,SYY,AVO,HFFG,MTEX,TWG"
64,Specialty Business Services,Industrials,92.72,55,50,88,65,"BKSY,SPIR,TH,BUUU,CMPR,KODK,UNF,RHLD,ARMK,ULS,AZZ,QUAD,RTO,NTIP,FA,PC,TRNS,CASS,RBA,TISI,DLHC,GPN,BV,WFCF,AMTM,ABM,CTAS,SFHG,TIC,RELX,DLB,SGRP,MMS,PMEC,CPRT,LZ,SST,CBZ,TRI,ANPA,YSXT,CRE,LICN,THH,SMX"
65,Utilities - Diversified,Utilities,92.26,55,59,68,70,"AES,BIP,AVA,SRE,UTL,AQN"
66,Specialty Industrial Machinery,Industrials,92.11,54,55,67,62,"THR,CVV,GHM,SHMD,GNRC,HLIO,GEV,BWEN,GRC,PKOH,JCSE,AMSC,CMI,NPO,TWIN,HUHU,LXFR,SXI,TNC,ROK,RRX,ATS,NDSN,ETN,IEX,SYM,RR,AME,FLS,WTS,ITT,DOV,GTLS,FELE,MIDD,KRNT,ZJK,GTES,KAI,EMR,PH,DCI,CSW,HURC,NPWR,OFLX,MWA,ITW,TAYD,JBTM,CR,NNE,GGG,EPAC,SERV,IR,XYL,AOS,OPTT,SPPL,OTIS,MIR,CXT,PNR,PSIX,WFF,SMR,CETY,XCH,LASE,INLF,HDRN,BURU,LBGJ"
67,Department Stores,Consumer Cyclical,91.83,53,61,58,95,"M,DDS,KSS,PLBL"
68,Utilities - Regulated Electric,Utilities,91.69,53,62,66,64,"ELPC,ETR,EIX,NWE,ENIC,EVRG,D,CEPU,EMA,PNW,IDA,LNT,AEP,FTS,NEE,POR,CNP,NGG,CIG,AEE,OGE,XEL,VIASP,HE,ED,DTE,ES,TXNM,WEC,DUK,SO,FE,NKLR,CMS,EXC,SOMN,PPL,PCG,PEG,EDN,MGEE,GNE,IMSR,KEP"
69,Software - Infrastructure,Technology,91.58,52,16,18,39,"BAND,DOCN,NUAI,MOVE,RXT,BNAI,BRUN,BB,AEVA,FATN,CORZ,AGPU,PAYS,AKAM,ATEN,BLZE,VIVO,NTCT,TWLO,NYAX,FTNT,CRWD,PANW,NN,FFIV,NTAP,WETO,RAMP,FLYW,CGNT,LIDR,TDC,GCT,KSPI,RDWR,VRSN,RELY,CCSI,GRRR,USIO,TLS,XYZ,NET,VHC,S,SABR,BLIN,ZETA,SNPS,LSAK,MDB,CRWV,ORCL,PDYN,CPAY,OSPN,IMXI,TAOX,BKKT,FIVN,OKTA,RPAY,TENB,ALLT,PAGS,RZLV,PRTH,RBRK,PATH,GEN,ACIW,DBX,VRNS,WEX,PAYO,KDK,PSFE,SAIL,PLTR,MSFT,DLO,MLGO,BOX,STNE,TUYA,NTNX,XNET,GGRP,IOT,ALAR,EEFT,QLYS,KPLT,CLBT,BTQ,MQ,AIOT,ZSQR,DOX,EVTC,IIIV,PGY,AI,BLSH,AVPT,TCX,CALX,KLAR,PAY,GDDY,SANG,GTLB,VERI,AIXC,TOST,CHKP,AISP,ARQQ,APPN,NTSK,CISO,ATGL,ORIO,RPD,REKR,FOUR,PRGS,CINT,DTSS,TAOP,DVLT,SUPX,AMBR,INTZ,AUID,OWLS,ZS,YEXT,WIX,SONM,TGHL,LHSW,OLB,DAVA,ZENA,CSAI,EXOD,AVX,CETX,XBP,AIFC,CHOW,HPAI,YYAI,UBXG,HUBC"
70,Airlines,Industrials,91.54,51,30,50,53,"DAL,ULCC,RJET,ALGT,CPA,VLRS,LUV,AAL,UAL,LTM,JBLU,RYAAY,FLYX,ALK,AERO,SKYW,SRFM"
71,Asset Management,Financial Services,90.58,51,47,48,55,"MAAS,KF,TWN,CYPH,DXYZ,INV,STK,AAMI,SSSS,AEF,WT,BSTZ,EMF,SII,BTX,RMT,HASI,STT,BEN,FGNXP,BST,VCTR,NTRS,DBRG,IVZ,CAF,BCV,SRV,IHD,NXG,ASA,HQL,CHW,AIO,CII,AMG,HERZ,FUND,AFCG,CCD,CHI,ECF,NBXG,CGO,CHY,PFG,NCV,IAE,CEE,TRIN,NCZ,QQQX,NFJ,BCAT,PEO,ACV,GLQ,HQH,GCV,ADX,MXF,EOD,GAIN,ASGI,GNT,GGT,RVT,AOD,IDE,BGR,MXE,NML,CSQ,EDF,BPYPM,TBLD,UTG,MGLD,JHG,IGD,NMAI,SATA,BCX,NIE,THW,AGD,GAM,EVT,GUT,CSWC,RMCO,FHI,PDX,FFA,NMT,HFRO,DPG,GLV,KYN,AVK,ETO,RGT,HEQ,RQI,JOF,GDV,ECAT,DNP,EMO,GLO,NMI,NAZ,JCE,ETG,MEGI,GGZ,VPV,BHV,ETW,NRK,TEI,JRS,EMD,GUG,ETB,HTD,CET,BUI,RMM,TROW,EXG,BOE,UTF,ASST,RLTY,ETV,CLM,NMS,ECCC,KBDC,LGI,TY,NAC,FOF,SPXX,MUJ,AFB,TYG,CRF,OXLCO,THQ,GLU,RMI,SEIC,OXLCN,BTO,RSF,PGP,OIA,DMB,VKQ,VGM,GGN,RFM,RFMZ,NMCO,MIY,EEA,LEO,BN,DSM,ASG,OXLCP,VKI,NKX,OCCIM,BDJ,VMO,EDD,BME,MYN,MMD,GF,SPMA,APO,JRI,RIV,IGA,FT,FMN,SCD,EIIA,KTF,NCA,SABA,TDF,NBH,BANX,EOS,PMM,NAN,EOT,IQI,NEA,MUC,MPA,PDPA,JLS,NAD,RMMZ,JGH,NUV,NZF,VFL,HPF,CEV,CNS,EICA,VTN,FCT,HPS,OCCIN,CCID,HNNA,HPI,MHD,SBI,WHF,SPME,NNY,MYI,MQY,IGR,ETX,AWP,PNI,NVG,JPC,NPV,IIM,MUA,BTT,ERH,NPFD,CXE,ACP,GRF,MMU,DMO,EIM,MFM,PMO,EVN,RA,MHF,MCN,GROW,ERC,GDL,NUW,NRO,PFD,BCSF,NDMO,PCQ,FINS,NBB,HIX,FDUS,JFR,DSU,KIO,PTA,VCV,DTF,FTHY,GBDC,BGY,ETY,LIEN,NXP,BWG,NIM,WIW,EOI,BMN,EQS,BLK,EVG,VGI,WIA,BRW,FFC,NMZ,DHF,DFP,VLT,BBDC,FLC,PFO,IGI,BMEZ,LDP,TPVG,WDI,PDT,MSD,CMU,PSF,SAR,SOR,FTF,PFN,BGB,RNP,PGZ,EARN,PML,HIO,ETJ,JHI,FPF,SPE,MMT,WEA,OPP,EAD,SDHY,NPCT,BBN,JQC,CXH,PHK,PDO,VBF,BGH,EHI,AWF,RFI,BGT,GDO,WHG,STEW,DSL,BTZ,ARDC,CIF,BSL,MCR,FAX,JHS,FMY,GAB,PAI,PFL,USA,FRA,IAF,EFT,PIM,PPT,BIT,DLY,GHY,DBL,HYT,MFIC,TSI,PCN,OCSL,EFR,BGX,NTRSO,BKT,MGF,HYI,PDI,RCG,BENF,BHK,AB,PAXS,PCM,EVF,GEG,HTGC,EVV,GRX,EIC,MIN,GBAB,GSBD,STEP,PCF,ARCC,SPMC,NMFC,MSDL,JMM,BLW,PFLT,PSBD,HGLB,NCDL,VVR,AMTD,TWAV,CIK,ISD,APAM,BAM,VINP,MSIF,PTY,OXLC,PFX,GLAD,RJF,CGBD,NOAH,OBDC,GOF,MPV,BXSL,VRTS,XFLT,GCMG,DHY,NHS,PSEC,OCCI,AMP,CRBG,ARES,MAIN,RCS,ECC,EQH,IIF,BX,RAND,MCI,CPZ,SLRC,RPC,TSLX,FSCO,PAX,KKR,CG,CCAP,DMA,OTF,TPG,ALTI,IFN,GECC,FSK,SCM,RWAY,CCIF,CION,KWY,SAMG,PDCC,OXSQ,OWL,TCPC,PNNT,BCG,HLNE,BCIC,OFS,SDEV,HRZN,MLCI,CFND,HSDT,DFDV,FGNX,TGE,CWD,ICMB,ALP,BUR,ZSTK,BNKK,BNBX,OIO"
72,Shell Companies,Financial Services,90.54,50,44,42,49,"AFJK,AFJKU,BAYAU,DTSQU,VACHU,RAAQU,RDAC,CGCTU,ASPCU,UYSCU,MACIU,ATIIU,QETAU,CEPT,EGHAU,LOKVU,TDACU,BCARU,WTGUU,BSAAU,TVAIU,CGCT,BSAA,TAVIU,RAAQ,SPKLU,YHNAU,FSHPU,ATII,SPKL,RANGU,TACOU,AXINU,FGMCU,SVACU,RIBB,BCAR,CHARU,QSEAU,EURK,BKHA,POLEU,COLA,KVAC,BAYA,LCCCU,QETA,DTSQ,UYSC,KVACU,ANSCU,FACTU,AEXA,FVNNU,MBAVU,BKHAU,VACI,FGMC,FSHP,OACCU,DYNC,CHAR,ANSC,TDAC,GPATU,AXIN,LOKV,YHNA,NOEMU,FVN,RFAIU,BACC,QSEA,TACO,NMPAU,KFII,DMAA,RANG,RFAI,SSEAU,SVAC,TLNC,LEGT,NTWO,SBXD,SIMAU,MACI,PGAC,PLMK,TAVI,XRPNU,MKLY,BLUWU,LPAA,SVCC,LCCC,EGHA,HAVAU,DMAAU,IPEX,GTERA,GRAF,GSRFU,SIMA,POLE,CHECU,ALF,CAPN,HVMCU,COPL,WTG,JACS,CHPG,NMP,OTGAU,SOUL,CUB,HVII,AACB,KCHV,NOEM,HVIIU,SZZL,TVAI,LPBB,MKLYU,QUMSU,SDHI,OYSE,SOCA,ALDFU,SPEG,HCACU,APAC,QUMS,INAC,TLNCU,VNME,COLAU,LKSP,YCY,LAFA,SVCCU,SSEA,SZZLU,CRAQ,EVAC,TACH,EMIS,XRPN,FIGX,GSHRU,TDWDU,VNMEU,AIIA,BACCU,OBA,GPAT,GSHR,KFIIU,ORIQ,PACH,ALDF,LWACU,LWAC,CUBWU,GTERU,FERA,HCMA,PAII,IBAC,PGACU,DRDB,ALIS,KOYN,ALISU,BLUW,HCMAU,PMTRU,RNGTU,TVA,IPCX,IPCXU,LPBBU,PACHU,LKSPU,SDHIU,SOCAU,HVMC,KOYNU,OYSEU,PMTR,GIW,OTGA,GIWWU,BIXIU,INACU,SPEGU,APXT,OACC,CHEC,MBVIU,RAC,GTENU,OBAWU,CCIIU,LATAU,FCRS,EURKU,BCSS,JENA,WENN,CHPGU,CRACU,DMIIU,GSRF,BLZRU,NPACU,BEAG,SCIIU,NPAC,DYOR,TACHU,AACBU,EVOX,KCHVU,DNMX,DAAQ,GTEN,MBVI,RDAG,CCII,CEPF,CCIX,PLMKU,KRSP,ALFUU,FIGXU,LPAAU,RNGT,APXTU,FERAU,NTWOU,DNMXU,WENNU,MBAV,DAAQU,PCAP,BDCIU,DYORU,RIBBU,LAFAU,EVOXU,LATA,BLZR,CEPV,ONCH,RDAGU,APACU,IGACU,BEAGU,ONCHU,ORIQU,MMTXU,CRAQU,BDCI,MCGAU,DRDBU,MCGA,ASPC,PCSC,CEPO,PCAPU,CAPNU,TVACU,CCIXU,RTAC,HSPTU,IPEXU,RTACU,VACH,HSPT,UCFI,RDACU,XXI"
73,Railroads,Industrials,90.38,48,53,62,30,"FSTR,CSX,UNP,WAB,CNI,NSC,CP,TRN,GBX,RAIL,SWVL,RVSN"
74,Insurance - Life,Financial Services,90.38,48,60,45,51,"ABX,MFC,CNO,GL,UNM,PUK,MET,BHF,GNW,AFL,JXN,SNFCA,PRI,CIA,FG,PRU,LNC,BHFAO,BHFAP,BHFAN,BHFAM,AAME"
75,Industrial Distribution,Industrials,90.14,48,49,53,28,"XMTR,WCC,DXPE,MSM,AIT,GWW,TITN,FAST,FERG,GIC,DNOW,REZI,WSO,DSGR,CNM,QXO,SITE,EVI,BXC,POOL,WXM,TLIH"
76,Capital Markets,Financial Services,89.98,47,23,21,65,"HUT,WULF,IREN,SLNH,SLNHP,PURR,RIOT,CD,HIVE,NCPL,CLSK,SNEX,GOLD,BGDE,MRX,MIAX,GLXY,MS,MARA,GS,VIRT,IBKR,OPY,AXG,BMHL,CRCL,EVR,GSIW,BGC,MDBH,PLUT,BMNR,MC,PIPR,MEGL,GREE,NMR,AUC,COHN,FIGR,JEF,PJT,LAZ,ETOR,ATCH,PWP,SF,BTBT,SCHW,AURE,XP,SRL,HOOD,TOP,DOMH,HLI,HGBL,TW,LPLA,FUTU,BRBI,NCTY,SIEB,MKTX,FUFU,SOS,STKE,WTF,ANY,BTCS,WAI,CNCK,DEFT,MATH,TIGR,SBET,ARBK,ABTC,GEMI,GRAN,FLD,STEX,LMFA,LGHL,CANG,BRR,NAKA,ABTS,IPST,PMAX"
77,Beverages - Brewers,Consumer Defensive,89.81,46,45,60,40,"FMX,ABEV,BUD,STZ,CCU,TAP,SAM"
78,Credit Services,Financial Services,89.62,46,46,25,34,"TROO,EZPW,ECPG,ATLC,FCFS,SEZL,LPRO,BFH,ENVA,PMTS,AFRM,CPSS,CACC,GDOT,WRLD,RM,ALLY,SNTG,PRAA,ATLCP,SLMBP,AGM,SYF,NNI,JF,MFIN,V,OMF,AXP,WU,OPRT,COF,FINV,MA,FOA,HTT,JCAP,SUIG,SLM,OPFI,QFIN,SOFI,UPST,PYPL,NAVI,ANTA,XYF,LX,LU,VRM,JFIN,DXF,YRD"
79,Discount Stores,Consumer Defensive,89.4,45,56,76,68,"PSMT,TGT,TBBB,WMT,COST,DG,DLTR,BJ,OLLI"
80,Beverages - Non-Alcoholic,Consumer Defensive,89.27,44,36,52,63,"COCO,MNST,COKE,KOF,PRMB,KO,KDP,CCEP,PEP,FIZZ,ZVIA,BRFH,CELH,REED"
81,Resorts & Casinos,Consumer Cyclical,89.05,44,42,27,44,"VAC,MCRI,PENN,MGM,HGV,CZR,BALY,RRR,CPHC,BYD,FLL,LVS,MTN,WYNN,MLCO,CNTY,MSC"
82,Drug Manufacturers - General,Healthcare,88.5,43,35,55,67,"OGN,MRK,BIIB,LLY,JNJ,NVS,BMY,GSK,GILD,AZN,PFE,AMGN,AMRN,ABBV,NVO,SNY,GRFS,MIRA,SCLX,NSRX,MDCX"
83,REIT - Mortgage,Real Estate,88.35,42,48,39,45,"ADAM,TWO,SACH,NREF,ARI,ARR,IVR,ADAMN,EFC,ADAML,AGNC,BRSP,CIM,DX,NLY,MITT,ADAMM,ACRE,MFA,AGNCN,ORC,AGNCO,AGNCP,AGNCM,AGNCL,TRTX,AGNCZ,ACR,ADAMZ,AOMR,BXMT,RWT,CHMI,LADR,RPT,STWD,REFI,SEVN,LOAN,PMT,FBRT,SUNS,KREF,RITM,CMTG,RC,GPMT,ABR,LFT"
84,Insurance - Diversified,Financial Services,88.05,41,54,48,56,"PLGO,SLF,AEG,IGIC,BNT,ACGLN,ACGLO,HIG,ACGL,AIG,WDH,XZO"
85,Internet Content & Information,Communication Services,88.03,41,28,18,66,"SOGP,NBIS,PODC,BODI,BZFD,GOOGL,GOOG,TBLA,RUM,SJ,TZOO,LVO,GRPN,DIBS,BIDU,IAC,JOYY,OPRA,NXDR,TEAD,MTCH,TRVG,ZIP,MNY,ZDGE,IZEA,WBTN,RDDT,GETY,LCFY,CARS,META,ONFO,EVER,PERI,MOMO,GITS,SNAP,SEAT,SPOT,SSTK,YELP,WB,PINS,FENG,MAX,DOYU,UPXI,BMBL,GIFT,ZH,CMCM,NRDS,STUB,BZ,BILI,ATHM,GENI,FVRR,DJT,ZG,Z,CCG,GIBO,UPWK,TME,SLE,ANGI,NAMI,AREN,CHAI,WSHP"
86,Drug Manufacturers - Specialty & Generic,Healthcare,87.9,40,55,93,94,"LQDA,IRWD,AKAN,BIOA,ASRT,ETON,CPIX,ESPR,INDV,LNTH,RGC,VTRS,AMLX,TEVA,UTHR,KNSA,ANIK,INM,TXMD,ALKS,CABR,ELAN,AMRX,TKNO,NBIX,CRDL,CRON,BCRX,TLPH,ANIP,KMDA,AQST,BFRI,SUPN,EOLS,TAK,PCRX,AYTU,HIMS,EBS,YCBD,SCYX,XERS,RDY,BHC,HLN,HROW,PAHC,RDHL,COLL,UPC,INCR,CGC,EVO,HCM,SIGA,CPHI,RMTI,CTOR,ACB,DERM,OGI,TLRY,AMPH,PBH,PRGO,ORGO,BTAI,LFCR,ALVO,AKBA,ZTS,ZYBT,GELS,IXHL,SNOA,SHPH,SBFM,PRFX,SXTC,IMCC,BGM,APUS"
87,Consulting Services,Industrials,87.87,39,27,9,76,"ROMA,RYOJ,EGG,EFTY,AERT,LAWR,ZTG,INTJ,RGP,GRNQ,FCN,FORR,BAH,CRAI,ICFI,SBC,EFX,VRSK,HURN,ACCL,FOFO,VCIG,DGNX"
88,Business Equipment & Supplies,Industrials,87.73,39,13,11,1,"XRX,ACTG,ACCO,EBF,EHGO"
89,Information Technology Services,Technology,87.45,38,8,13,47,"KEEL,CIFR,APLD,CHRN,PENG,WYY,QXL,INOD,WYFI,SAIH,INGM,UIS,VNET,TSSI,VEEA,JFU,FORTY,IBEX,SAIC,IBM,TTGT,GDS,ARBB,CNDT,CACI,III,BBAI,DTST,GLE,TTEC,CLPS,CSPI,GDYN,CLVT,JKHY,WIT,CDW,CTM,PSN,GIB,EXLS,INFY,CTSH,LDOS,IT,G,TASK,ACN,DXC,BR,FIS,CNXC,VYX,PONY,GLOB,HCKT,EPAM,KD,SLAI,NABL,AIOS,JZ,EFOR,DAIC,CYCU,TDTH,VRRM,GMM,LZMH,HKIT"
90,Integrated Freight & Logistics,Industrials,87.23,37,40,28,11,"NCEW,GVH,PSIG,CYRX,JBHT,FDX,PBI,LSTR,RLGT,CHRW,EXPD,HUBG,ZTO,UPS,CRGO,GXO,SFWL,FLX,LSH,HXHX,PAL,ATXG,SGLY,BTOC,ELOG,FWRD,CIIT,CJMB,SLGB,JYD,CTNT"
91,Gambling,Consumer Cyclical,87.16,37,44,16,7,"ROLR,RSI,CDRO,SGHC,ACEL,INSE,CHDN,SEGG,DKNG,BRSL,BRAG,FLUT,GAMB"
92,Insurance - Reinsurance,Financial Services,86.96,35,66,44,25,"HG,GLRE,SPNT,RNR,EG,RGA,OXBR,KG"
93,Travel Services,Consumer Cyclical,86.96,35,32,46,77,"LIND,GBTG,VIK,NUTR,PRSU,TNL,EXPE,ABNB,TOUR,CCL,RCL,BKNG,NCLH,TCOM,TRIP,NTRP,YTRA,MMYT,AHMA"
94,Utilities - Regulated Water,Utilities,86.91,34,53,56,58,"CDZIP,HTO,SBS,CDZI,AWR,MSEX,ARTNA,CWT,WTRG,PCYO,YORW,AWK,CWCO,GWRS"
95,REIT - Diversified,Real Estate,86.85,34,39,26,19,"NXDT,FVR,GNL,CTO,AAT,BNL,WPC,AHRT,OLP,GOOD,GOODN,SAFE,VICI,JBGS,ESRT,SQFT,SQFTP,MKZR,GIPR"
96,REIT - Residential,Real Estate,86.43,33,41,30,25,"CSR,ESS,EQR,INVH,UDR,UMH,AVB,BHM,CPT,BRT,AMH,NXRT,AIV,ELS,SUI,IRT,MAA,MRP,CLPR,ELME"
97,Entertainment,Communication Services,86.36,32,34,31,27,"SPHR,STRZ,WBD,MSGS,ROKU,MSGE,AENT,SIRI,MANU,AMCX,RSVR,BATRK,WMG,MCS,BATRA,IMAX,FOXA,LYV,LLYVA,LLYVK,FOX,TOON,NWS,NWSA,LFS,ANGH,TKO,FWONA,CNK,FWONK,DIS,RDI,AMC,FTRK,NFLX,PSKY,HUYA,CNVS,PLAY,RDIB,CPOP,GAIA,IQ,ANGX,MPU,NIPG,SLMT,KUST,KWM,ZNB"
98,Electronic Gaming & Multimedia,Communication Services,85.44,32,31,6,23,"SKLZ,TBH,MSGM,DDI,CTW,SNAL,MRDN,EA,NTES,GRVY,PLTK,SOHU,TTWO,GIGM,GDEV,GXAI,GMHS,GAME,MYPS,RBLX,GCL,GDC"
99,Insurance - Property & Casualty,Financial Services,85.0,31,52,41,58,"UFCS,UVE,MCY,AIZ,DGICB,LMND,SIGI,THG,HMN,SLDE,CB,L,NODK,WTM,TRV,PRCH,AFG,CINF,KINS,PRA,ALL,ACIC,STC,SIGIP,GBLI,ORI,BOW,SAFT,DGICA,CNA,SKWD,HCI,MKL,ASIC,AII,WRB,HIPO,HGTY,PRHI,PGR,HRTG,PLMR,RLI,KNSL,ROOT,KMPR,TRUP"
100,Leisure,Consumer Cyclical,84.23,30,39,33,41,"PUSA,TRON,CALY,FNKO,ESCA,YETI,JAKK,LTH,KMRK,OSW,JOUT,PTON,AOUT,HAS,GOLF,LUCK,FUN,PRKS,CLAR,AS,MAT,HWH,XPOF,PLBY,MMA,NWTG,PLNT,GDHG,NOMA,HERE,DOGZ,TRUG"
101,Internet Retail,Consumer Cyclical,84.11,30,16,37,84,"MI,LITB,EBAY,LQDT,AMZN,ETSY,RERE,HOUR,JMIA,W,JD,HEPS,JWEL,YJ,CART,BABA,BZUN,MOGU,ZKH,VIPS,NEGG,RVLV,GLBE,MELI,NHTC,DASH,PDD,TDUP,CPNG,SE,WBUY,CHWY,UZX,OCG,NEXR,IPW,WNW"
102,REIT - Office,Real Estate,83.71,29,25,7,10,"PSTL,ONL,HPP,NLOP,DEA,CDP,PDM,CUZ,HIW,KRC,VNO,SLG,DEI,BXP,BDN,OGCP,ESBA,ARE,FISK,FSP,CMCT"
103,Staffing & Employment Services,Industrials,83.61,28,20,9,0,"KELYB,KFRC,HQI,TBI,BGSF,JOB,KELYA,KFY,NSP,MHH,RHI,BBSI,MAN,TNET,NIXX,ATLN,IPDN,GLXG"
104,Farm Products,Consumer Defensive,82.72,27,41,35,60,"PFAI,AGRO,ADM,BG,ALCO,TSN,AFRI,AQB,CHSCL,CHSCO,CHSCM,CHSCN,CHSCP,VFF,DOLE,LND,LOCL,FDP,LMNR,CALM,AGRZ,VITL,EDBL,SDOT"
105,Packaging & Containers,Consumer Cyclical,82.22,27,26,52,42,"PACK,MYE,TRS,KRT,AMBP,SON,PKG,BALL,GEF,REYN,SW,CCK,MGIH,AVY,AMCR,YHGJ,SLGN,IP,OI,GPK,ORBS,DSS"
106,Advertising Agencies,Communication Services,82.1,26,6,3,5,"EVC,ADV,STFS,CCO,ZD,STGW,APP,SWAG,BAOS,EEX,TSQ,NEXN,MCHX,FLNT,OMC,QNST,TULP,DLPN,CRTO,DV,MGNI,WPP,KRKR,NCMI,ACCS,CNET,SDM,TC,CDLX,WIMI,TTD,TJGC,EDHL,YDKG,DRCT,VSME,CHR,TDIC,HAO"
107,Restaurants,Consumer Cyclical,81.88,25,22,12,13,"NDLS,HCHL,SG,LOCO,BLMN,BJRI,MB,CAVA,DIN,ARCO,SBUX,CAKE,PETZ,QSR,BDL,DRI,NATH,RRGB,TXRH,REBN,YUM,CNNE,GTIM,VSTD,CBRL,BROS,RAVE,EAT,YUMC,PZZA,BH,MCD,RICK,KRUS,WEN,ARKR,CMG,STKS,GENK,THCH,BTBD,FWRG,DPZ,HDL,CHA,PTLO,JACK,SHAK,WING,VENU,BRCB,CCHH,CHSN"
108,Medical Distribution,Healthcare,81.81,25,67,73,80,"EMPG,EDAP,CAH,HSIC,AHG,MCK,YI,ACH,COR,HKPD,COSM,SNYR"
109,Pollution & Treatment Controls,Industrials,81.75,24,11,14,46,"CECO,ZONE,ADUR,PCT,TOMZ,ZWS,FSS,CLWT,SCWO,FTEK,VLTO,CLIR,RAIN,ERII,LIQT,ARQ,BCHT,PCTTU,DEVS"
110,Grocery Stores,Consumer Defensive,81.41,23,27,20,8,"VLGEA,IMKTA,DDL,WMK,KR,DNUT,NGVC,SFM,ACI,GO,MSS"
111,Agricultural Inputs,Basic Materials,81.36,23,25,24,9,"UAN,CF,IPI,ICL,CTVA,NTR,SEED,SMG,MOS,FMC,AVD,BIOX,NXTS"
112,Security & Protection Services,Industrials,80.86,22,29,34,23,"MG,NL,GEO,SPCB,BAER,CXW,BRC,EVLV,CIX,MSA,NSSC,BCO,ADT,ALLE,VRME,SNT,GFAI,IVDA,KSCP,SUGP,YOOV"
113,Building Materials,Basic Materials,80.41,21,33,44,29,"CPAC,CX,LOMA,JHX,TTAM,USLM,AMRZ,EXP,CRH,VMC,MLM,KNF,SMID,TGLS,CAPS,RETO"
114,Residential Construction,Consumer Cyclical,80.21,20,34,46,31,"LEGH,BZH,TOL,CVCO,MHO,DHI,GRBK,PHM,TMHC,HOV,MTH,LGIH,SKY,IBP,KBH,NVR,LEN,SPHL,DFH"
115,Health Information Services,Healthcare,80.19,20,12,4,37,"BTSG,BTSGU,TXG,AMWL,TALK,NRC,SOPH,ONMD,TBRG,OMCL,HNGE,LFMD,LFMDP,GDRX,HTFL,TDOC,SLP,HSTM,OMDA,HQY,CTEV,SY,PRVA,WEAV,CCLD,SDGR,CARL,SPOK,EVH,BFRG,BEAT,ACON,TEM,VEEV,DRIO,CERT,WAY,MGRX,HCAT,DOCS,PHR,ZCMD,OPRX,MNDR,DH,VSEE,HCTI"
116,Medical Instruments & Supplies,Healthcare,80.06,19,18,23,34,"AVR,NNNN,PDEX,PLSE,STAA,OSUR,WST,POCI,WRBY,UTMD,TFX,HBIO,ANGO,MLSS,BLFS,NVST,BLCO,LMAT,SOLV,KRMD,ICUI,ALGN,RVP,SMTI,STVN,BDX,DXR,NEPH,KMTS,BAX,STXS,RGEN,ZTEK,ATR,ISRG,RMD,ALC,ATRC,XRAY,AVTR,COO,MMSI,AZTA,BNGO,LUCY,STSS,MBOT,FEMY,NYXH,CUPR,ZJYL,NXGL,EMBC,GCTK"
117,Farm & Heavy Construction Machinery,Industrials,79.6,18,32,50,12,"CAT,BLBD,ARTW,TEX,PCAR,ASTE,HY,AEBI,MTW,DE,AGCO,UGRO,CMCO,OSK,GENC,CNH,XOS,WNC,LNN,TWI,ALG,HCAI,GP,HYFM,BNC,SCAG"
118,Insurance - Specialty,Financial Services,79.54,18,38,32,48,"ACT,FAF,EIG,RDN,ITIC,ESNT,MTG,AXS,NMIH,MBI,FNF,TIPT,AGO,AMSF,OSG,RYAN,JRVR"
119,Auto Manufacturers,Consumer Cyclical,78.27,17,4,4,13,"CYD,FABC,EVTV,F,GM,LOBO,NIO,TSLA,VFS,PSNY,EMPD,RIVN,GGR,LOT,TM,STLA,HMC,XPEV,RACE,LI,PSNYW,NIU,WKHS,SSM,DCX,AIIO,LVWR,FLYE,LCID,CENN,FFAI"
120,Specialty Retail,Consumer Cyclical,78.09,16,14,23,18,"LESL,ARKO,OLPX,CASY,GRWG,BWMX,HZO,FIVE,MUSA,ABLV,BNED,FLWS,DKS,WSM,NAAS,ASO,TLF,WOOF,SBH,BBY,ULTA,CHPT,WINA,GME,SVV,BBWI,ONEW,RH,BBW,SPWH,ARHS,HTLM,TKLF,EYE,MNSO,EVGO,RECT,TSCO,JBDI,BARK,ZOOZ,BQ,PTLE,CGTL,NPT,NVVE"
121,Financial Data & Stock Exchanges,Financial Services,77.88,16,15,10,26,"CBOE,MKTW,MSCI,NDAQ,CME,MCO,ICE,VALU,TRU,SPGI,FDS,MORN,COIN,DTCX,BTOG"
122,Software - Application,Technology,77.83,15,10,2,16,"RYDE,MTC,CURR,SVCO,DMRC,PDFS,PDC,ADEA,DDOG,DUOT,DHX,YOU,PLTS,FSLY,APPS,FROG,MITK,RDZN,BTDR,AIFF,NTWK,OOMA,PTRN,NAVN,SMSI,RNG,PUBM,CRNC,XPER,ZM,DAVE,NATL,TONX,IBTA,NXPL,CDNS,DBD,CREX,MTLS,PLUS,RBBN,CWAN,RDVT,U,SCOR,EGHT,STRC,ASUR,IFBD,API,PERF,DSP,DJCO,AZ,NTCL,STRF,IPM,EVCM,BRZE,KC,STRD,IMMR,RSKD,KARO,HKD,RMNI,KLTR,SMRT,LAW,THRY,VS,VTEX,PHUN,GRND,DT,UPBD,BZAI,CVLT,SNOW,ADSK,STRK,EGAN,WRD,IDAI,FICO,ADP,AGYS,MYSE,LYFT,SMWB,FRSH,UBER,TRAK,LSPD,IDCC,DSGX,RSSS,PAYX,AMST,ALKT,YALA,AWRE,ALRM,MANH,BMR,PTC,OTEX,SHOP,SSNC,DOCU,YMM,ORKT,MSTR,PAYC,MFI,AEYE,IDN,DCBO,CRM,MRT,CMRC,APPF,BILL,MNDO,SSTI,SOUN,PCTY,GRAB,CXM,ADBE,DFIN,TEAM,ESTC,BSY,GWRE,EXFY,AMPL,PCOR,HIT,SAP,INLX,ROP,NRDY,BULL,NICE,BLIV,VTSI,QTWO,NOW,TTAN,NCNO,GLOO,PEGA,TYL,YB,JG,CHYM,WDAY,PD,ILLR,WK,ATHR,SPSC,SPT,RMSG,MYSZ,LIF,MNDY,CCC,BLND,MNTN,LGCL,VERX,FRMM,ASAN,INUV,FUSE,DUOL,BL,CXAI,YXT,INTA,SRAD,INTU,KVYO,UPLD,HUBS,ALIT,CYN,BLKB,NVNI,PSQH,DOMO,RCT,VIA,FIG,TGL,SAGT,PAR,LPSN,FTFT,YAAS,FRGT,RTB,GTM,HTCR,KNRX,BIYA,AMOD,AMZE,WCT,MASK,NXTT,JTAI,AUUD,BNZI,YMT,RPGL"
123,Confectioners,Consumer Defensive,76.97,14,30,72,23,"RMCF,MDLZ,HSY,TR,SOWG"
124,Household & Personal Products,Consumer Defensive,76.55,13,6,17,9,"PTNM,HELE,SPB,HNST,UG,CHD,CL,ACU,EL,PG,IPAR,KVUE,KMB,MAGN,GROV,UL,CLX,NWL,EPC,RAY,NUS,COTY,WALD,ELF,SLSN,SKIN,YSG,ODD,TANH,BYAH,DSY"
125,Medical Devices,Healthcare,76.43,13,11,19,27,"AXGN,BWAY,AVNS,CODX,ELMD,BFLY,CERS,NSYS,HYPR,ECOR,CV,MDAI,APYX,TCMD,VMD,NPCE,ESTA,CATX,MASS,BRKRP,NEOG,LIVN,NVCR,BRKR,IART,IRMD,CBLL,BVS,PROF,INFU,MASI,AHCO,POAS,BIO,GMED,PEN,DCTH,EW,GKOS,HAE,UFPT,SGHT,CTKB,BMRA,ELUT,MYO,PHG,LFWD,ITGR,INMD,INGN,DXCM,VREX,QSI,TMCI,MXCT,SERA,KIDS,NMTC,SNN,IRIX,LAB,CLPT,RCEL,PACB,LUNG,PRCT,STE,ZBH,SIBN,MDT,TRIB,AEMD,GEHC,ENOV,SYK,OM,LUCD,TELA,SENS,SRTS,COCH,NXL,XTNT,TNDM,ADGM,SINT,CNMD,IRTC,CVRX,BBNX,NVNO,ABT,OFIX,TNON,STIM,OWLT,SSII,QTI,BDMD,CTSO,AMIX,AORT,RXST,TLSI,NNOX,HSCS,BJDX,BSX,SNWV,TMDX,ITOC,RPID,ATEC,PAVM,LNSR,PODD,QDEL,INSP,QTRX,ARAY,VNRX,VTAK,NSPR,INBS,VVOS,XAIR,MODD,ICCM,NUWE,FEED,IVF,PFSA,PMI,WOK"
126,Real Estate Services,Real Estate,76.27,12,24,25,61,"OPEN,RMR,CHCI,KW,RMAX,IHS,STHO,BPYPO,BPYPN,BPYPP,SEG,NYC,MAYS,RFL,MLP,HBNB,MMI,JLL,NMRK,IRS,TCI,BEKE,ARL,MDRR,COMP,CWK,FRPH,GBR,NEN,CBRE,OMH,SRG,FSV,ASPS,GYRO,CIGI,DOUG,DUO,OPAD,EUDA,AGNT,CSGP,REAX,FTHM,UK,LHAI,ALBT,AIRE,LRHC"
127,Lumber & Wood Production,Basic Materials,75.82,11,23,22,3,"SSD,WFG,JCTC,BCC,UFPI,NWGL"
128,Textile Manufacturing,Consumer Cyclical,74.79,11,0,1,0,"AIN,UFI,CULP,PASW"
129,Real Estate - Development,Real Estate,74.53,10,19,37,79,"AXR,VTMX,AEI,FOR,JFB,LRE,SKYH,CCS,FPH,HHH,OZ,LPA,SDHC,RENX,MRNO"
130,Waste Management,Industrials,74.02,9,18,27,50,"NVRI,ABAT,CLH,CDTG,ENGS,AWX,WM,RSG,CWST,WCN,PESI,GFL,AQMS,GWAV,QRHC,ONT,YDDL,LNZA,DXST"
131,Auto & Truck Dealerships,Consumer Cyclical,73.81,9,7,8,4,"RDNW,OPLN,SAH,RUSHA,RUSHB,CVNA,PAG,DRVN,LAD,VVV,AN,KMX,CARG,GPI,ACVA,ABG,OTH,CWH,UXIN,BGSI,CRMT,JZXN,SDA,KXIN,AZI,UCAR"
132,Packaged Foods,Consumer Defensive,73.74,8,9,11,15,"BRCC,WEST,DAR,CLNN,MAMA,JVA,BOF,WYHG,SENEA,SENEB,LFVN,SFD,JBSS,NATR,CENT,CENTA,HLF,BRID,LWAY,KHC,COOT,BGS,LSF,SJM,FAMI,JBS,POST,INGR,LW,HRL,NAII,JJSF,NOMD,USNA,OTLY,FRPT,CAG,GIS,UTZ,BRLS,HCWC,CPB,MKC,FLO,PPC,MZTI,BYND,HAIN,BHST,ATPC,FTLF,STKH,SRXH,SMPL,DDC,NCRA,RKDA,ABVE,BRBR,ORIS,MEHA,PAVS"
133,Home Improvement Retail,Consumer Cyclical,73.47,7,19,41,20,"HVT,LOW,HD,LIVE,FND"
134,Education & Training Services,Consumer Defensive,73.32,6,5,5,14,"LINC,CHGG,FC,APEI,UTI,DAO,LAUR,CVSA,GHC,PRDO,EDTK,AACG,WAFU,STRA,LGCY,AFYA,SKIL,YQ,LRN,COE,EDU,PXED,AMBO,TAL,FEDU,LOPE,MH,IH,KLC,RYET,COUR,GOTU,EEIQ,MYND,STG,GNS,YOUL,JDZG,LXEH,GV,GSUN,VSA,KIDZ,FCHL"
135,Consumer Electronics,Technology,72.9,6,17,30,81,"VUZI,AAPL,GPRO,AXIL,SONO,LPL,MSN,TBCH,UEIC,ZEPP,FEBO,SONY,KOSS,FOXX,RIME,BOXL,WLDS,WTO,GMEX"
136,Tobacco,Consumer Defensive,72.34,5,13,16,17,"RYM,BTI,MO,PM,UVV,TPB,RLX,ISPR,AIIR,GNLN,XXII"
137,Airports & Air Services,Industrials,71.99,4,4,32,48,"JOBY,CAAP,PAC,OMAB,ASR,ASLE,UP,SOAR"
138,Mortgage Finance,Financial Services,71.97,4,21,36,83,"BETR,IOR,VEL,PAPL,WD,PFSI,RKT,ONIT,BLNE,LDI,UWMC,GHI,CNF"
139,Beverages - Wineries & Distilleries,Consumer Defensive,71.1,3,9,6,2,"AGCC,DEO,SNDL,YHC,WVVIP,WVVI,MGPI,EPSM,SBEV,IBG"
140,Recreational Vehicles,Consumer Cyclical,69.07,2,3,15,39,"PII,BC,MCFT,HOG,LCII,DOO,MBUU,PATK,THO,WGO,KNDI,MAMO,VEEE,VMAR,EZGO"
141,Paper & Paper Products,Basic Materials,67.84,2,2,13,4,"ITP,CLW,SLVM,SUZ,MERC"
142,Insurance Brokers,Financial Services,67.19,1,1,0,2,"NP,ZBAO,ARX,XHG,AON,CRVL,MRSH,AIFU,WTW,AJG,BWIN,TWFG,SLQT,ERIE,EHTH,BRO,HUIZ,GSHD,GOCO,EZRA"
143,Personal Services,Consumer Cyclical,60.89,0,2,2,6,"RGS,MED,FTDR,HRB,CSV,SCI,ROL,MRM,BFAM,CLIK,TRNR,EJH,YYGH"
144,Pharmaceutical Retailers,Healthcare,39.76,0,0,0,54,"HITI,PETS,SCNX,POM,WGRX,RDGT"
